Gruppe;Parameter;Einheit;CAS-Bezeichnung;Allgemeine Parametergruppe
Roentgenkontrastmittel;Iohexol;µg/L;66108-95-0;SpurenstoffeOrganisch
Roentgenkontrastmittel;Iopamidol;µg/L;60166-93-0;SpurenstoffeOrganisch
Arzneimittel;Venlafaxin;µg/L;93413-69-5;SpurenstoffeOrganisch
Einzelstoffe;2-Chlortoluol;µg/L;95-49-8;SpurenstoffeOrganisch
Einzelstoffe;Benzotriazol;µg/L;95-14-7;SpurenstoffeOrganisch
Einzelstoffe;Coffein;µg/L;58-08-2;SpurenstoffeOrganisch
Pestizide;Atrazin;µg/L;1912-24-9;SpurenstoffeOrganisch
Pestizide;Chloridazon;µg/L;1698-60-8;SpurenstoffeOrganisch
Pestizide;Chlortoluron;µg/L;15545-48-9;SpurenstoffeOrganisch
Pestizide;Diazinon;µg/L;333-41-5;SpurenstoffeOrganisch
Pestizide;Dimethenamid;µg/L;87674-68-8;SpurenstoffeOrganisch
Pestizide;Isoproturon;µg/L;34123-59-6;SpurenstoffeOrganisch
Pestizide;MCPA;µg/L;94-74-6;SpurenstoffeOrganisch
Pestizide;Metazachlor;µg/L;67129-08-2;SpurenstoffeOrganisch
Pestizide;Metolachlor;µg/L;51218-45-2;SpurenstoffeOrganisch
Pestizide;Simazin;µg/L;122-34-9;SpurenstoffeOrganisch
Pestizide;Terbuthylazin;µg/L;5915-41-3;SpurenstoffeOrganisch
Metabolite;2,6-Dichlorbenzamid;µg/L;2008-58-4;SpurenstoffeOrganisch
Metabolite;Dimethachlor-ESA;µg/L;1231710-75-0;SpurenstoffeOrganisch
Metabolite;Dimethachlor-OXA;µg/L;1086384-49-7;SpurenstoffeOrganisch
Metabolite;Dimethenamid-OXA;µg/L;380412-59-9;SpurenstoffeOrganisch
Metabolite;Metazachlor-ESA;µg/L;172960-62-2;SpurenstoffeOrganisch
Metabolite;Metolachlor-ESA;µg/L;171118-09-5;SpurenstoffeOrganisch
Metabolite;Metolachlor-OXA;µg/L;152019-73-3;SpurenstoffeOrganisch
Sensorik;Verfärbung_(1-4);DESCR.;;PhysikalischChemischeBasisparameter
Allg. Parameter;Leitfähigkeit_25°C;µS/cm_25°C;;PhysikalischChemischeBasisparameter
Anionen;Nitrat(N);mg/L;14797-55-8;Naehrstoffe
Probennahme;Rohrdurchmesser;cm;;
Probennahme;Sohlentiefe;m;;
Probennahme;Pumpzeit;Min;;
Sensorik;Farbe;DESCR.;;PhysikalischChemischeBasisparameter
Allg. Parameter;SAK-254;1/m;;PhysikalischChemischeBasisparameter
Allg. Parameter;SAK-436;1/m;;PhysikalischChemischeBasisparameter
Summenparameter;DOC;mg/L;KEINE NUMMER MOEGLICH;Hauptinhaltsstoffe
Summenparameter;Stickstoff(gesamt);mg/L;;Hauptinhaltsstoffe
Haerte;Gesamthärte;GRAD_dH;KEINE NUMMER MOEGLICH;Hauptinhaltsstoffe
Haerte;Karbonathärte;GRAD_dH;KEINE NUMMER MOEGLICH;Hauptinhaltsstoffe
Anionen;Chlorid;mg/L;16887-00-6;Hauptinhaltsstoffe
Anionen;Hydrogencarbonat;mg/L;;Hauptinhaltsstoffe
Anionen;Sulfat;mg/L;14808-79-8;Hauptinhaltsstoffe
LHKW;1,1,2,2-Tetrachlorethan;µg/L;79-34-5;SpurenstoffeOrganisch
LHKW;1,1,2-Trichlorethan;µg/L;79-00-5;SpurenstoffeOrganisch
LHKW;1,2-Dichlorethan;µg/L;107-06-2;SpurenstoffeOrganisch
LHKW;Bromdichlormethan;µg/L;75-27-4;SpurenstoffeOrganisch
LHKW;Bromoform;µg/L;75-25-2;SpurenstoffeOrganisch
LHKW;Chlormethan;µg/L;74-87-3;SpurenstoffeOrganisch
LHKW;Dichlordifluormethan;µg/L;75-71-8;SpurenstoffeOrganisch
LHKW;trans-1,2-Dichlorethen;µg/L;156-60-5;SpurenstoffeOrganisch
BTEX;4-Isopropyltoluol;µg/L;99-87-6;SpurenstoffeOrganisch
BTEX;Ethylbenzol;µg/L;100-41-4;SpurenstoffeOrganisch
BTEX;1,2,4-Trimethylbenzol;µg/L;95-63-6;SpurenstoffeOrganisch
BTEX;sec-Butylbenzol;µg/L;135-98-8;SpurenstoffeOrganisch
BTEX;Toluol;µg/L;108-88-3;SpurenstoffeOrganisch
PAK;Naphthalin;µg/L;91-20-3;SpurenstoffeOrganisch
PAK;1-Methylnaphthalin;µg/L;90-12-0;SpurenstoffeOrganisch
Organochlorverbindungen;1,2,3-Trichlorbenzol;µg/L;87-61-6;SpurenstoffeOrganisch
Suessstoffe;Acesulfam;µg/L;33665-90-6;SpurenstoffeOrganisch
Suessstoffe;Sucralose;µg/L;56038-13-2;SpurenstoffeOrganisch
Roentgenkontrastmittel;Amidotrizoesäure;µg/L;117-96-4;SpurenstoffeOrganisch
Arzneimittel;Carbamazepin;µg/L;298-46-4;SpurenstoffeOrganisch
Arzneimittel;Phenazon;µg/L;60-80-0;SpurenstoffeOrganisch
Einzelstoffe;Brombenzol;µg/L;108-86-1;SpurenstoffeOrganisch
Einzelstoffe;Summe 4-Methylbenzotriazol und 5-Methylbenzotriazol;µg/L;29385-43-1;SpurenstoffeOrganisch
Einzelstoffe;Tetrahydrofuran;µg/L;109-99-9;SpurenstoffeOrganisch
Pestizide;2,4-D;µg/L;94-75-7;SpurenstoffeOrganisch
Pestizide;Cyanazin;µg/L;21725-46-2;SpurenstoffeOrganisch
Pestizide;Dicamba;µg/L;1918-00-9;SpurenstoffeOrganisch
Pestizide;Mesotrion;µg/L;104206-82-8;SpurenstoffeOrganisch
Pestizide;Metamitron;µg/L;41394-05-2;SpurenstoffeOrganisch
Pestizide;Summe Terbutryn und Prometryn;µg/L;KEINE NUMMER MOEGLICH;SpurenstoffeOrganisch
Pestizide;Terbutryn;µg/L;886-50-0;SpurenstoffeOrganisch
Pestizide;Triclosan;µg/L;3380-34-5;SpurenstoffeOrganisch
Metabolite;Chlorthalonil-TP(R 417888);µg/L;1418095-02-9;SpurenstoffeOrganisch
Metabolite;Desethylatrazin;µg/L;6190-65-4;SpurenstoffeOrganisch
Metabolite;Dimethenamid-ESA;µg/L;205939-58-8;SpurenstoffeOrganisch
Probennahme;Entnahmetiefe;m;;
Probennahme;Pumpe;-;;
Allg. Parameter;Sauerstoff;mg/L;7782-44-7;PhysikalischChemischeBasisparameter
Kationen;Ammonium(N);mg/L;14798-03-9;Naehrstoffe
LHKW;1,1-Dichlorpropen;µg/L;563-58-6;SpurenstoffeOrganisch
BTEX;Benzol;µg/L;71-43-2;SpurenstoffeOrganisch
BTEX;1,3,5-Trimethylbenzol;µg/L;108-67-8;SpurenstoffeOrganisch
BTEX;N-Butylbenzol;µg/L;104-51-8;SpurenstoffeOrganisch
BTEX;o-Xylol;µg/L;95-47-6;SpurenstoffeOrganisch
Organochlorverbindungen;1,2-Dichlorbenzol;µg/L;95-50-1;SpurenstoffeOrganisch
Organochlorverbindungen;Hexachlorbutadien;µg/L;87-68-3;SpurenstoffeOrganisch
Roentgenkontrastmittel;Iomeprol;µg/L;78649-41-9;SpurenstoffeOrganisch
Arzneimittel;Cropropamid;µg/L;633-47-6;SpurenstoffeOrganisch
Einzelstoffe;ETBE;µg/L;637-92-3;SpurenstoffeOrganisch
Einzelstoffe;Surfynol 104;µg/L;126-86-3;SpurenstoffeOrganisch
Pestizide;DEET;µg/L;134-62-3;SpurenstoffeOrganisch
Pestizide;Desphenylchloridazon;µg/L;6339-19-1;SpurenstoffeOrganisch
Metabolite;Desethylterbuthylazin;µg/L;30125-63-4;SpurenstoffeOrganisch
Metabolite;Metazachlor-OXA;µg/L;1231244-60-2;SpurenstoffeOrganisch
Probennahme;Probennahmedatum;;;
Probennahme;Bezugspunkt;-;;
Allg. Parameter;Lufttemperatur;°C;KEINE NUMMER MOEGLICH;PhysikalischChemischeBasisparameter
Allg. Parameter;Wassertemperatur;°C;KEINE NUMMER MOEGLICH;PhysikalischChemischeBasisparameter
Allg. Parameter;pH;-;;PhysikalischChemischeBasisparameter
Allg. Parameter;Sauerstoffsättigung;%;;PhysikalischChemischeBasisparameter
Arzneimittel;Candesartan;µg/L;139481-59-7;SpurenstoffeOrganisch
Pestizide;Diuron;µg/L;330-54-1;SpurenstoffeOrganisch
Pestizide;Mecoprop;µg/L;7085-19-0;SpurenstoffeOrganisch
Metabolite;Chlorthalonil-TP(R 471811);µg/L;;SpurenstoffeOrganisch
Metabolite;Metolachlor-TP(CGA 368208);µg/L;1173021-76-5;SpurenstoffeOrganisch
Probennahme;Kommentar;-;;
Sensorik;Geruchsart;DESCR.;;PhysikalischChemischeBasisparameter
Summenparameter;KWS(C10-C40);mg/L;;Hauptinhaltsstoffe
Kationen;Natrium(gesamt);mg/L;7440-23-5;Hauptinhaltsstoffe
Metalle;Kupfer(gesamt);µg/L;7440-50-8;SpurenstoffeAnorganisch
Metalle;Quecksilber(gesamt);µg/L;7439-97-6;SpurenstoffeAnorganisch
LHKW;1,3-Dichlorpropan;µg/L;142-28-9;SpurenstoffeOrganisch
LHKW;2,2-Dichlorpropan;µg/L;594-20-7;SpurenstoffeOrganisch
LHKW;Trichlorfluormethan;µg/L;75-69-4;SpurenstoffeOrganisch
BTEX;1,2,3-Trimethylbenzol;µg/L;526-73-8;SpurenstoffeOrganisch
BTEX;N-Propylbenzol;µg/L;103-65-1;SpurenstoffeOrganisch
Organochlorverbindungen;1,3,5-Trichlorbenzol;µg/L;108-70-3;SpurenstoffeOrganisch
Arzneimittel;Diclofenac;µg/L;15307-79-6;SpurenstoffeOrganisch
Arzneimittel;Sulfamethoxazol;µg/L;723-46-6;SpurenstoffeOrganisch
Metabolite;Chlorthalonil-TP(SYN 507900);µg/L;115044-73-0;SpurenstoffeOrganisch
Probennahme;Zivilschutzbrunnen;;;
Sensorik;Trübung_(1-4);DESCR.;;PhysikalischChemischeBasisparameter
Anionen;o-Phosphat(gelöst-IC);mg/L;14265-44-2;Naehrstoffe
Kationen;Calcium(gesamt);mg/L;7440-70-2;Hauptinhaltsstoffe
Kationen;Magnesium(gesamt);mg/L;7439-95-4;Hauptinhaltsstoffe
Metalle;Antimon(gesamt);µg/L;7440-36-0;SpurenstoffeAnorganisch
Metalle;Cadmium(gesamt);µg/L;7440-43-9;SpurenstoffeAnorganisch
Metalle;Mangan(gesamt);µg/L;7439-96-5;SpurenstoffeAnorganisch
Metalle;Zink(gesamt);µg/L;7440-66-6;SpurenstoffeAnorganisch
LHKW;1,2-Dichlorpropan;µg/L;78-87-5;SpurenstoffeOrganisch
LHKW;Chlorethan;µg/L;75-00-3;SpurenstoffeOrganisch
LHKW;cis-1,2-Dichlorethen;µg/L;156-59-2;SpurenstoffeOrganisch
LHKW;Dibromchlormethan;µg/L;124-48-1;SpurenstoffeOrganisch
LHKW;Dibrommethan;µg/L;74-95-3;SpurenstoffeOrganisch
LHKW;Dichlormethan;µg/L;75-09-2;SpurenstoffeOrganisch
LHKW;Tetrachlorethen;µg/L;127-18-4;SpurenstoffeOrganisch
LHKW;Vinylchlorid;µg/L;75-01-4;SpurenstoffeOrganisch
BTEX;tert-Butylbenzol;µg/L;98-06-6;SpurenstoffeOrganisch
PAK;2-Methylnaphthalin;µg/L;91-57-6;SpurenstoffeOrganisch
Organochlorverbindungen;1,4-Dichlorbenzol;µg/L;106-46-7;SpurenstoffeOrganisch
Arzneimittel;Hydrochlorothiazid;µg/L;58-93-5;SpurenstoffeOrganisch
Arzneimittel;Metformin;µg/L;657-24-9;SpurenstoffeOrganisch
Einzelstoffe;1,2,4-Triazol;µg/L;288-88-0;
Einzelstoffe;2-Acrylamido-2-methylpropansulfonsäure;µg/L;15214-89-8;SpurenstoffeOrganisch
Einzelstoffe;TAME;µg/L;994-05-8;SpurenstoffeOrganisch
Pestizide;Sulcotrion;µg/L;99105-77-8;SpurenstoffeOrganisch
Metabolite;Desisopropylatrazin;µg/L;1007-28-9;SpurenstoffeOrganisch
Metabolite;Guanylurea;µg/L;141-83-3;SpurenstoffeOrganisch
Metabolite;Terbuthylazin-TP(CGA 324007);µg/L;309923-18-0;SpurenstoffeOrganisch
Metabolite;Terbuthylazin-TP(SYN 545666);µg/L;;SpurenstoffeOrganisch
Pestizide;Methyldesphenylchloridazon;µg/L;17254-80-7;SpurenstoffeOrganisch
Metabolite;1-Methylbiguanid;µg/L;1609-00-3;SpurenstoffeOrganisch
Metabolite;Dimethachlor-TP(CGA 369873);µg/L;1418095-08-5;SpurenstoffeOrganisch
Metabolite;Nicosulfuron-TP(UCSN);µg/L;;
Probennahme;Pumpenleistung;L/Min;;
Sensorik;Niederschlag_(Farbe);DESCR.;;PhysikalischChemischeBasisparameter
LHKW;1,1-Dichlorethan;µg/L;75-34-3;SpurenstoffeOrganisch
LHKW;1,2-Dibromethan;µg/L;106-93-4;SpurenstoffeOrganisch
LHKW;Chloroform;µg/L;67-66-3;SpurenstoffeOrganisch
LHKW;cis-1,3-Dichlorpropen;µg/L;10061-01-5;SpurenstoffeOrganisch
LHKW;Hexachlorethan;µg/L;67-72-1;SpurenstoffeOrganisch
LHKW;trans-1,3-Dichlorpropen;µg/L;10061-02-6;SpurenstoffeOrganisch
BTEX;Isopropylbenzol;µg/L;98-82-8;SpurenstoffeOrganisch
BTEX;Summe m-Xylol und p-Xylol;µg/L;KEINE NUMMER MOEGLICH;SpurenstoffeOrganisch
Organochlorverbindungen;Chlorbenzol;µg/L;108-90-7;SpurenstoffeOrganisch
Arzneimittel;Lamotrigin;µg/L;84057-84-1;SpurenstoffeOrganisch
Einzelstoffe;MTBE;µg/L;1634-04-4;SpurenstoffeOrganisch
Metabolite;Oxypurinol;µg/L;2465-59-0;SpurenstoffeOrganisch
Probennahme;Ruhewasserspiegel;m;;
Anionen;Bromid;mg/L;24959-67-9;Hauptinhaltsstoffe
Kationen;Ammonium;mg/L;;
Metabolite;Metolachlor-TP(NOA 413173);µg/L;;
Allg. Parameter;Lufttemperatur;°C;Keine;PhysikalischChemischeBasisparameter
Allg. Parameter;Wassertemperatur;°C;Keine;PhysikalischChemischeBasisparameter
Summenparameter;DOC;mg/L;Keine;Hauptinhaltsstoffe
Anionen;Chrom(VI);µg/L;18540-29-9;Hauptinhaltsstoffe
Anionen;Fluorid;mg/L;16984-48-8;Hauptinhaltsstoffe
Anionen;Nitrat;mg/L;14797-55-8;Naehrstoffe
Kationen;Kalium(gesamt);mg/L;7440-09-7;Hauptinhaltsstoffe
Metalle;Arsen(gesamt);µg/L;7440-38-2;SpurenstoffeAnorganisch
Metalle;Uran(gesamt);µg/L;7440-61-1;SpurenstoffeAnorganisch
LHKW;Tetrachlormethan;µg/L;56-23-5;SpurenstoffeOrganisch
Einzelstoffe;1,3-Diphenylguanidin;µg/L;102-06-7;
Einzelstoffe;Cyanoguanidin;µg/L;461-58-5;
Einzelstoffe;Triethylmethylammoniumkation;µg/L;302-57-8;SpurenstoffeOrganisch
Metabolite;Nicosulfuron-TP(AUSN);µg/L;;
Sensorik;Geruchsstärke_(1-4);DESCR.;;PhysikalischChemischeBasisparameter
Metalle;Blei(gesamt);µg/L;7439-92-1;SpurenstoffeAnorganisch
Metalle;Nickel(gesamt);µg/L;7440-02-0;SpurenstoffeAnorganisch
LHKW;1,1,1-Trichlorethan;µg/L;71-55-6;SpurenstoffeOrganisch
BTEX;Summe_BTEX;µg/L;Keine;SpurenstoffeOrganisch
Organochlorverbindungen;1,2,4-Trichlorbenzol;µg/L;120-82-1;SpurenstoffeOrganisch
Metabolite;Desethyldesisopropylatrazin;µg/L;3397-62-4;SpurenstoffeOrganisch
Haerte;Alkalinität(pH=4.5);mMol_H+/L;;Hauptinhaltsstoffe
Anionen;Nitrit(N);mg/L;14797-65-0;Hauptinhaltsstoffe
Elemente;Bor(gesamt);µg/L;7440-42-8;SpurenstoffeAnorganisch
LHKW;1,1,1,2-Tetrachlorethan;µg/L;630-20-6;SpurenstoffeOrganisch
LHKW;1,2,3-Trichlorpropan;µg/L;96-18-4;SpurenstoffeOrganisch
LHKW;1,2-Dibrom-3-chlorpropan;µg/L;96-12-8;SpurenstoffeOrganisch
Komplexbildner;EDTA;µg/L;60-00-4;SpurenstoffeOrganisch
Organochlorverbindungen;1,3-Dichlorbenzol;µg/L;541-73-1;SpurenstoffeOrganisch
Arzneimittel;Allopurinol;µg/L;315-30-0;SpurenstoffeOrganisch
Arzneimittel;Metoprolol;µg/L;37350-58-6;SpurenstoffeOrganisch
Pestizide;Bentazon;µg/L;25057-89-0;SpurenstoffeOrganisch
Pestizide;Dichlorprop;µg/L;120-36-5;SpurenstoffeOrganisch
Pestizide;Summe Terbutryn und Prometryn;µg/L;Keine;SpurenstoffeOrganisch
LHKW;Bromchlormethan;µg/L;74-97-5;SpurenstoffeOrganisch
LHKW;Brommethan;µg/L;74-83-9;SpurenstoffeOrganisch
Einzelstoffe;Diglyme;µg/L;111-96-6;SpurenstoffeOrganisch
Einzelstoffe;Melamin;µg/L;108-78-1;SpurenstoffeOrganisch
Haerte;Karbonathärte;GRAD_dH;Keine;Hauptinhaltsstoffe
LHKW;Summe_Halogenierte;µg/L;Keine;SpurenstoffeOrganisch
BTEX;Summe m-Xylol und p-Xylol;µg/L;Keine;SpurenstoffeOrganisch
Metalle;Chrom(gesamt);µg/L;7440-47-3;SpurenstoffeAnorganisch
LHKW;Trichlorethen;µg/L;79-01-6;SpurenstoffeOrganisch
Roentgenkontrastmittel;Iopromid;µg/L;73334-07-3;SpurenstoffeOrganisch
Einzelstoffe;4-Chlortoluol;µg/L;106-43-4;SpurenstoffeOrganisch
Pestizide;Propazin;µg/L;139-40-2;SpurenstoffeOrganisch
Arzneimittel;Crotamiton;µg/L;483-63-6;SpurenstoffeOrganisch
Anionen;o-Phosphat(P)(gelöst-IC);mg/L;14265-44-2;Naehrstoffe
Arzneimittel;Naproxen;µg/L;22204-53-1;SpurenstoffeOrganisch
Pestizide;Linuron;µg/L;330-55-2;SpurenstoffeOrganisch
Roentgenkontrastmittel;Summe Iomeprol und Iopamidol;µg/L;KEINE NUMMER MOEGLICH;SpurenstoffeOrganisch
Arzneimittel;Iopromid;µg/L;73334-07-3;SpurenstoffeOrganisch
Arzneimittel;Lidocain;µg/L;137-58-6;SpurenstoffeOrganisch
Einzelstoffe;1-Methylbenzotriazol doppel;µg/L;13351-73-0;SpurenstoffeOrganisch
Probennahme;Wasserstand;m.ü.M.;;
Arzneimittel;Ketoprofen;µg/L;22071-15-4;SpurenstoffeOrganisch
Einzelstoffe;Aceton;µg/L;67-64-1;SpurenstoffeOrganisch
Einzelstoffe;Dioxan;µg/L;123-91-1;SpurenstoffeOrganisch
LHKW;1,1-Dichlorethen;µg/L;75-35-4;SpurenstoffeOrganisch
Arzneimittel;Bezafibrat;µg/L;41859-67-0;SpurenstoffeOrganisch
Pestizide;Metalaxyl;µg/L;57837-19-1;SpurenstoffeOrganisch
Metabolite;Summe 1-Hydroxybenzotriazol und 4-Hydroxybenzotriazol;µg/L;KEINE NUMMER MOEGLICH;SpurenstoffeOrganisch
Metabolite;Summe Alachlor-OXA und Acetochlor-OXA;µg/L;KEINE NUMMER MOEGLICH;SpurenstoffeOrganisch
Arzneimittel;Amisulprid;µg/L;71675-85-9;SpurenstoffeOrganisch
Metabolite;Desaminometamitron;µg/L;36993-94-9;SpurenstoffeOrganisch
Haerte;Gesamthärte(mmol/l);mMol/L;KEINE NUMMER MOEGLICH;
Haerte;Karbonathärte(mmol/l);mMol/L;;
Pestizide;Bromacil;µg/L;314-40-9;SpurenstoffeOrganisch
Metalle;Silicium(gesamt);µg/L;7440-21-3;SpurenstoffeAnorganisch
Pestizide;Dimethoat;µg/L;60-51-5;SpurenstoffeOrganisch
BTEX;Styrol;µg/L;100-42-5;SpurenstoffeOrganisch
Organochlorverbindungen;alpha-Endosulfan;µg/L;959-98-8;SpurenstoffeOrganisch
Organochlorverbindungen;alpha-HCH;µg/L;319-84-6;SpurenstoffeOrganisch
Organochlorverbindungen;beta-HCH;µg/L;319-85-7;SpurenstoffeOrganisch
Organochlorverbindungen;cis-Chlordan;µg/L;5103-71-9;SpurenstoffeOrganisch
Organochlorverbindungen;gamma-HCH;µg/L;58-89-9;SpurenstoffeOrganisch
Organochlorverbindungen;Endrin;µg/L;72-20-8;SpurenstoffeOrganisch
Organochlorverbindungen;delta-HCH;µg/L;319-86-8;SpurenstoffeOrganisch
Organochlorverbindungen;epsilon-HCH;µg/L;6108-10-7;SpurenstoffeOrganisch
Organochlorverbindungen;Heptachlor;µg/L;76-44-8;SpurenstoffeOrganisch
Organochlorverbindungen;Hexachlorbenzol;µg/L;118-74-1;SpurenstoffeOrganisch
Organochlorverbindungen;Isodrin;µg/L;465-73-6;SpurenstoffeOrganisch
Organochlorverbindungen;o,p-DDE;µg/L;3424-82-6;SpurenstoffeOrganisch
Organochlorverbindungen;o,p-DDT;µg/L;789-02-6;SpurenstoffeOrganisch
Organochlorverbindungen;p,p-DDD;µg/L;72-54-8;SpurenstoffeOrganisch
Organochlorverbindungen;p,p-DDE;µg/L;72-55-9;SpurenstoffeOrganisch
Einzelstoffe;Diaceton-L-Sorbose;µg/L;32717-65-0;SpurenstoffeOrganisch
Pestizide;Ametryn;µg/L;834-12-8;SpurenstoffeOrganisch
Pestizide;Anthranilsäureisopropylamid;µg/L;30391-89-0;SpurenstoffeOrganisch
Pestizide;Atraton;µg/L;1610-17-9;SpurenstoffeOrganisch
Pestizide;Azinphos-methyl;µg/L;86-50-0;SpurenstoffeOrganisch
Pestizide;Carbaryl;µg/L;63-25-2;SpurenstoffeOrganisch
Pestizide;Carbetamid;µg/L;16118-49-3;SpurenstoffeOrganisch
Pestizide;Cypermethrin;µg/L;52315-07-8;SpurenstoffeOrganisch
Pestizide;Desmetryn;µg/L;1014-69-3;SpurenstoffeOrganisch
Pestizide;Disulfoton;µg/L;298-04-4;SpurenstoffeOrganisch
Pestizide;Etrimphos;µg/L;38260-54-7;SpurenstoffeOrganisch
Pestizide;Fenitrothion;µg/L;122-14-5;SpurenstoffeOrganisch
Pestizide;Fenpropimorph;µg/L;67306-03-0;SpurenstoffeOrganisch
Pestizide;Hexazinon;µg/L;51235-04-2;SpurenstoffeOrganisch
Pestizide;Methoprotryn;µg/L;841-06-5;SpurenstoffeOrganisch
Pestizide;Monolinuron;µg/L;1746-81-2;SpurenstoffeOrganisch
Pestizide;Norflurazon;µg/L;27314-13-2;SpurenstoffeOrganisch
Pestizide;Oxadixyl;µg/L;77732-09-3;SpurenstoffeOrganisch
Pestizide;Penconazol;µg/L;66246-88-6;SpurenstoffeOrganisch
Pestizide;Pendimethalin;µg/L;40487-42-1;SpurenstoffeOrganisch
Pestizide;Prometryn;µg/L;7287-19-6;SpurenstoffeOrganisch
Pestizide;Propanil;µg/L;709-98-8;SpurenstoffeOrganisch
Pestizide;Propetamphos;µg/L;31218-83-4;SpurenstoffeOrganisch
Pestizide;Propiconazol;µg/L;60207-90-1;SpurenstoffeOrganisch
Pestizide;Propoxur;µg/L;114-26-1;SpurenstoffeOrganisch
Pestizide;Quintozen;µg/L;82-68-8;SpurenstoffeOrganisch
Pestizide;Secbumeton;µg/L;26259-45-0;SpurenstoffeOrganisch
Pestizide;Tolclophos-methyl;µg/L;57018-04-9;SpurenstoffeOrganisch
Pestizide;Triadimefon;µg/L;43121-43-3;SpurenstoffeOrganisch
Pestizide;Triadimenol;µg/L;55219-65-3;SpurenstoffeOrganisch
Pestizide;Vinclozolin;µg/L;50471-44-8;SpurenstoffeOrganisch
Metabolite;Heptachlor-exo-epoxid;µg/L;1024-57-3;SpurenstoffeOrganisch
Summenparameter;AOX;µg/L;KEINE NUMMER MOEGLICH;Hauptinhaltsstoffe
Elemente;Bor(gelöst);µg/L;7440-42-8;SpurenstoffeAnorganisch
LHKW;Summe_Halogenierte;µg/L;KEINE NUMMER MOEGLICH;SpurenstoffeOrganisch
BTEX;Summe_BTEX;µg/L;KEINE NUMMER MOEGLICH;SpurenstoffeOrganisch
Komplexbildner;DTPA;µg/L;67-43-6;SpurenstoffeOrganisch
Komplexbildner;NTA;µg/L;139-13-9;SpurenstoffeOrganisch
PCB;PCB-101;µg/L;37680-73-2;SpurenstoffeOrganisch
PCB;PCB-138;µg/L;35065-28-2;SpurenstoffeOrganisch
PCB;PCB-180;µg/L;35065-29-3;SpurenstoffeOrganisch
Organochlorverbindungen;Dieldrin;µg/L;60-57-1;SpurenstoffeOrganisch
Organochlorverbindungen;Mirex;µg/L;2385-85-5;SpurenstoffeOrganisch
Organochlorverbindungen;o,p-DDD;µg/L;53-19-0;SpurenstoffeOrganisch
Organochlorverbindungen;trans-Chlordan;µg/L;5103-74-2;SpurenstoffeOrganisch
Pestizide;Azinphos-ethyl;µg/L;2642-71-9;SpurenstoffeOrganisch
Pestizide;Aziprotryn;µg/L;4658-28-0;SpurenstoffeOrganisch
Pestizide;Dichlorvos;µg/L;62-73-7;SpurenstoffeOrganisch
Pestizide;Dipropetryn;µg/L;4147-51-7;SpurenstoffeOrganisch
Pestizide;Ethofumesat;µg/L;26225-79-6;SpurenstoffeOrganisch
Pestizide;Fenthion;µg/L;55-38-9;SpurenstoffeOrganisch
Pestizide;Fluchloralin;µg/L;33245-39-5;SpurenstoffeOrganisch
Pestizide;Furalaxyl;µg/L;57646-30-7;SpurenstoffeOrganisch
Pestizide;Furmecyclox;µg/L;60568-05-0;SpurenstoffeOrganisch
Pestizide;Malathion;µg/L;121-75-5;SpurenstoffeOrganisch
Pestizide;Methidathion;µg/L;950-37-8;SpurenstoffeOrganisch
Pestizide;Mevinphos;µg/L;7786-34-7;SpurenstoffeOrganisch
Pestizide;Parathion-Methyl;µg/L;298-00-0;SpurenstoffeOrganisch
Pestizide;Quinalphos;µg/L;13593-03-8;SpurenstoffeOrganisch
Pestizide;Terbumeton;µg/L;33693-04-8;SpurenstoffeOrganisch
Pestizide;Thiometon;µg/L;640-15-3;SpurenstoffeOrganisch
Pestizide;Triazophos;µg/L;24017-47-8;SpurenstoffeOrganisch
Metabolite;Heptachlor-endo-epoxid;µg/L;28044-83-9;SpurenstoffeOrganisch
Haerte;Nichtkarbonathärte;GRAD_dH;;Hauptinhaltsstoffe
Elemente;Selen(gelöst);µg/L;7782-49-2;SpurenstoffeAnorganisch
Metalle;Antimon(gelöst);µg/L;7440-36-0;SpurenstoffeAnorganisch
Metalle;Arsen(gelöst);µg/L;7440-38-2;SpurenstoffeAnorganisch
Metalle;Barium(gelöst);µg/L;7440-39-3;SpurenstoffeAnorganisch
Metalle;Kupfer(gelöst);µg/L;7440-50-8;SpurenstoffeAnorganisch
Metalle;Quecksilber(gelöst);µg/L;7439-97-6;SpurenstoffeAnorganisch
Metalle;Uran(gelöst);µg/L;7440-61-1;SpurenstoffeAnorganisch
Metalle;Zink(gelöst);µg/L;7440-66-6;SpurenstoffeAnorganisch
PCB;PCB-052;µg/L;35693-99-3;SpurenstoffeOrganisch
PCB;PCB-153;µg/L;35065-27-1;SpurenstoffeOrganisch
Organochlorverbindungen;Aldrin;µg/L;309-00-2;SpurenstoffeOrganisch
Pestizide;Carbofuran;µg/L;1563-66-2;SpurenstoffeOrganisch
Pestizide;Iso-Chloridazon;µg/L;1698-61-9;SpurenstoffeOrganisch
Pestizide;Parathion-Ethyl;µg/L;56-38-2;SpurenstoffeOrganisch
Pestizide;Pyrazophos;µg/L;13457-18-6;SpurenstoffeOrganisch
Pestizide;Sebuthylazin;µg/L;7286-69-3;SpurenstoffeOrganisch
Pestizide;Trifluralin;µg/L;1582-09-8;SpurenstoffeOrganisch
Metalle;Blei(gelöst);µg/L;7439-92-1;SpurenstoffeAnorganisch
Metalle;Cadmium(gelöst);µg/L;7440-43-9;SpurenstoffeAnorganisch
Metalle;Nickel(gelöst);µg/L;7440-02-0;SpurenstoffeAnorganisch
Metalle;Aluminium(gelöst);µg/L;7429-90-5;SpurenstoffeAnorganisch
Metalle;Eisen(gelöst);µg/L;7439-89-6;SpurenstoffeAnorganisch
Metalle;Mangan(gelöst);µg/L;7439-96-5;SpurenstoffeAnorganisch
Organochlorverbindungen;p,p-DDT;µg/L;50-29-3;SpurenstoffeOrganisch
Pestizide;Methoxychlor;µg/L;72-43-5;SpurenstoffeOrganisch
Summenparameter;KWS(IR);mg/L;;Hauptinhaltsstoffe
Metalle;Chrom(gelöst);µg/L;7440-47-3;SpurenstoffeAnorganisch
Metalle;Cobalt(gelöst);µg/L;7440-48-4;SpurenstoffeAnorganisch
Pestizide;Alachlor;µg/L;15972-60-8;SpurenstoffeOrganisch
Pestizide;Pirimicarb;µg/L;23103-98-2;SpurenstoffeOrganisch
Pestizide;Dichlofluanid;µg/L;1085-98-9;SpurenstoffeOrganisch
Pestizide;Iprodion;µg/L;36734-19-7;SpurenstoffeOrganisch
Pestizide;Irgarol;µg/L;28159-98-0;SpurenstoffeOrganisch
Pestizide;Orbencarb;µg/L;34622-58-7;SpurenstoffeOrganisch
Pestizide;Propyzamid;µg/L;23950-58-5;SpurenstoffeOrganisch
Pestizide;Prosulfocarb;µg/L;52888-80-9;SpurenstoffeOrganisch
Pestizide;Tebuconazol;µg/L;107534-96-3;SpurenstoffeOrganisch
Pestizide;Chlorpyrifos-ethyl;µg/L;2921-88-2;SpurenstoffeOrganisch
Pestizide;Dimethachlor;µg/L;50563-36-5;SpurenstoffeOrganisch
Pestizide;Tebutam;µg/L;35256-85-0;SpurenstoffeOrganisch
Pestizide;Thiobencarb;µg/L;28249-77-6;SpurenstoffeOrganisch
Pestizide;Chlorfenvinphos;µg/L;470-90-6;SpurenstoffeOrganisch
Pestizide;Terbucarb;µg/L;1918-11-2;SpurenstoffeOrganisch
Pestizide;Chlorpyrifos-methyl;µg/L;5598-13-0;SpurenstoffeOrganisch
Arzneimittel;Meclofenaminsäure;µg/L;644-62-2;SpurenstoffeOrganisch
Arzneimittel;Tolfenaminsäure;µg/L;13710-19-5;SpurenstoffeOrganisch
Pestizide;2,4,5-T;µg/L;93-76-5;SpurenstoffeOrganisch
Pestizide;Chlorbromuron;µg/L;13360-45-7;SpurenstoffeOrganisch
Pestizide;Fluroxypyr;µg/L;69377-81-7;SpurenstoffeOrganisch
Pestizide;MCPB;µg/L;94-81-5;SpurenstoffeOrganisch
Pestizide;Methabenzthiazuron;µg/L;18691-97-9;SpurenstoffeOrganisch
Pestizide;Metoxuron;µg/L;19937-59-8;SpurenstoffeOrganisch
Pestizide;Monuron;µg/L;150-68-5;SpurenstoffeOrganisch
Probennahme;Zivilschutzbrunnen;-;;
Pestizide;Metobromuron;µg/L;3060-89-7;SpurenstoffeOrganisch
Arzneimittel;Indomethacin;µg/L;53-86-1;SpurenstoffeOrganisch
Arzneimittel;Salicylsäure;µg/L;69-72-7;SpurenstoffeOrganisch
Pestizide;2,4-DB;µg/L;94-82-6;SpurenstoffeOrganisch
Pestizide;Triclopyr;µg/L;55335-06-3;SpurenstoffeOrganisch
Pestizide;Aldicarb;µg/L;116-06-3;SpurenstoffeOrganisch
Pestizide;Bromoxynil;µg/L;1689-84-5;SpurenstoffeOrganisch
Pestizide;Dinoseb;µg/L;88-85-7;SpurenstoffeOrganisch
Pestizide;Molinat;µg/L;2212-67-1;SpurenstoffeOrganisch
Metabolite;AMPA;µg/L;1066-51-9;SpurenstoffeOrganisch
Pestizide;Dimefuron;µg/L;34205-21-5;SpurenstoffeOrganisch
Pestizide;Napropamid;µg/L;15299-99-7;SpurenstoffeOrganisch
Organochlorverbindungen;beta-Endosulfan;µg/L;33213-65-9;SpurenstoffeOrganisch
Pestizide;Endosulfan;µg/L;115-29-7;SpurenstoffeOrganisch
Pestizide;Ioxynil;µg/L;1689-83-4;SpurenstoffeOrganisch
Pestizide;Bromopropylat;µg/L;18181-80-1;SpurenstoffeOrganisch
Pestizide;Procymidon;µg/L;32809-16-8;SpurenstoffeOrganisch
Pestizide;Glyphosat;µg/L;1071-83-6;SpurenstoffeOrganisch
Pestizide;Tetrachlorvinphos;µg/L;22248-79-9;SpurenstoffeOrganisch
Einzelstoffe;Isopropanol;µg/L;67-63-0;SpurenstoffeOrganisch
Metabolite;Propachlor-ESA;µg/L;123732-85-4;SpurenstoffeOrganisch
Metabolite;Propachlor-OXA;µg/L;70628-36-3;SpurenstoffeOrganisch
Metabolite;Summe Alachlor-ESA und Acetochlor-ESA;µg/L;KEINE NUMMER MOEGLICH;SpurenstoffeOrganisch
Arzneimittel;Clofibrinsäure;µg/L;882-09-7;SpurenstoffeOrganisch
Arzneimittel;Irbesartan;µg/L;138402-11-6;SpurenstoffeOrganisch
Pestizide;Summe Acetochlor und Alachlor;µg/L;KEINE NUMMER MOEGLICH;SpurenstoffeOrganisch
Arzneimittel;Clarithromycin;µg/L;81103-11-9;SpurenstoffeOrganisch
Arzneimittel;Citalopram;µg/L;59729-33-8;SpurenstoffeOrganisch
Arzneimittel;Ibuprofen;µg/L;15687-27-1;SpurenstoffeOrganisch
Metalle;Beryllium(gesamt);µg/L;7440-41-7;SpurenstoffeAnorganisch
Metalle;Cobalt(gesamt);µg/L;7440-48-4;SpurenstoffeAnorganisch
Metalle;Lithium(gesamt);µg/L;7439-93-2;SpurenstoffeAnorganisch
Metalle;Selen(gesamt);µg/L;7782-49-2;SpurenstoffeAnorganisch
Metalle;Strontium(gesamt);µg/L;7440-24-6;SpurenstoffeAnorganisch
Metalle;Vanadium(gesamt);µg/L;7440-62-2;SpurenstoffeAnorganisch
Suessstoffe;Cyclohexylsulfaminsäure;µg/L;100-88-9;SpurenstoffeOrganisch
Arzneimittel;Acemetacin;µg/L;53164-05-9;SpurenstoffeOrganisch
Arzneimittel;Atenolol;µg/L;29122-68-7;SpurenstoffeOrganisch
Arzneimittel;Atorvastatin;µg/L;134523-03-8;SpurenstoffeOrganisch
Arzneimittel;Bicalutamid;µg/L;90357-06-5;SpurenstoffeOrganisch
Arzneimittel;Capecitabin;µg/L;154361-50-9;SpurenstoffeOrganisch
Arzneimittel;Climbazol;µg/L;38083-17-9;SpurenstoffeOrganisch
Arzneimittel;Diazepam;µg/L;439-14-5;SpurenstoffeOrganisch
Arzneimittel;Eprosartan;µg/L;133040-01-4;SpurenstoffeOrganisch
Arzneimittel;Fenofibrat;µg/L;49562-28-9;SpurenstoffeOrganisch
Arzneimittel;Fluconazol;µg/L;86386-73-4;SpurenstoffeOrganisch
Arzneimittel;Fluoxetin;µg/L;54910-89-3;SpurenstoffeOrganisch
Arzneimittel;Ifosfamid;µg/L;3778-73-2;SpurenstoffeOrganisch
Arzneimittel;Losartan;µg/L;114798-26-4;SpurenstoffeOrganisch
Arzneimittel;Nilotinib;µg/L;641571-10-0;SpurenstoffeOrganisch
Arzneimittel;Oxazepam;µg/L;604-75-1;SpurenstoffeOrganisch
Arzneimittel;Paracetamol;µg/L;103-90-2;SpurenstoffeOrganisch
Arzneimittel;Rivastigmin;µg/L;123441-03-2;SpurenstoffeOrganisch
Arzneimittel;Roxithromycin;µg/L;80214-83-1;SpurenstoffeOrganisch
Arzneimittel;Sitagliptin;µg/L;486460-32-6;SpurenstoffeOrganisch
Arzneimittel;Telmisartan;µg/L;144701-48-4;SpurenstoffeOrganisch
Arzneimittel;Torasemid;µg/L;56211-40-6;SpurenstoffeOrganisch
Arzneimittel;Verapamil;µg/L;52-53-9;SpurenstoffeOrganisch
Einzelstoffe;2-Hydroxy-4-methoxybenzophenon;µg/L;131-57-7;SpurenstoffeOrganisch
Einzelstoffe;Alkophen-acido-lakton;µg/L;324763-46-4;SpurenstoffeOrganisch
Einzelstoffe;N-(4-Aminophenyl)-N-methyl-acetamid;µg/L;119-63-1;SpurenstoffeOrganisch
Einzelstoffe;Tetracarbonitrilpropen;µg/L;32019-26-4;SpurenstoffeOrganisch
Einzelstoffe;Toluol-4-sulfonsäure;µg/L;104-15-4;SpurenstoffeOrganisch
Einzelstoffe;Tributylphosphinoxid;µg/L;814-29-9;SpurenstoffeOrganisch
Einzelstoffe;Triphenylphosphinoxid;µg/L;791-28-6;SpurenstoffeOrganisch
Perfluorierte Tenside;Perfluorbutansäure(PFBA);µg/L;375-22-4;SpurenstoffeOrganisch
Perfluorierte Tenside;Perfluorbutansulfonsäure(PFBS);µg/L;375-73-5;SpurenstoffeOrganisch
Perfluorierte Tenside;Perfluordekansäure(PFDA);µg/L;335-76-2;SpurenstoffeOrganisch
Perfluorierte Tenside;Perfluorheptansäure(PFHPA);µg/L;375-85-9;SpurenstoffeOrganisch
Perfluorierte Tenside;Perfluornonansäure(PFNA);µg/L;375-95-1;SpurenstoffeOrganisch
Perfluorierte Tenside;Perfluoroctansäure(PFOA);µg/L;335-67-1;SpurenstoffeOrganisch
Pestizide;Acetamiprid;µg/L;135410-20-7;SpurenstoffeOrganisch
Pestizide;Benzisothiazolin-3-on;µg/L;2634-33-5;SpurenstoffeOrganisch
Pestizide;Clomazon;µg/L;81777-89-1;SpurenstoffeOrganisch
Pestizide;Cyproconazol;µg/L;94361-06-5;SpurenstoffeOrganisch
Pestizide;Fipronil;µg/L;120068-37-3;SpurenstoffeOrganisch
Pestizide;Flufenacet;µg/L;142459-58-3;SpurenstoffeOrganisch
Pestizide;Flurtamone;µg/L;96525-23-4;SpurenstoffeOrganisch
Pestizide;Kresoxim-methyl;µg/L;143390-89-0;SpurenstoffeOrganisch
Pestizide;Methiocarb;µg/L;2032-65-7;SpurenstoffeOrganisch
Pestizide;Pethoxamid;µg/L;106700-29-2;SpurenstoffeOrganisch
Pestizide;Spiroxamin;µg/L;118134-30-8;SpurenstoffeOrganisch
Pestizide;Summe Phenmedipham und Desmedipham;µg/L;KEINE NUMMER MOEGLICH;SpurenstoffeOrganisch
Pestizide;Tritosulfuron;µg/L;142469-14-5;SpurenstoffeOrganisch
Metabolite;2*,3*-Diacetat-5*-deoxy-5-fluorcytidin;µg/L;161599-46-8;SpurenstoffeOrganisch
Metabolite;2-Amino-4-methoxy-6-methyl-1,3,5-triazin;µg/L;1668-54-8;SpurenstoffeOrganisch
Metabolite;2-Aminobenzimidazol;µg/L;934-32-7;SpurenstoffeOrganisch
Metabolite;Atenololsäure;µg/L;56392-14-4;SpurenstoffeOrganisch
Metabolite;Clopidogrelsäure;µg/L;90055-55-3;SpurenstoffeOrganisch
Metabolite;D617;µg/L;34245-14-2;SpurenstoffeOrganisch
Metabolite;Descyclopropylirgarol;µg/L;30125-65-6;SpurenstoffeOrganisch
Metabolite;Desdimethyldiuron;µg/L;2327-02-8;SpurenstoffeOrganisch
Metabolite;Desethyl-2-hydroxyterbuthylazin;µg/L;66753-06-8;SpurenstoffeOrganisch
Metabolite;Fipronil-sulfon;µg/L;120068-36-2;SpurenstoffeOrganisch
Metabolite;Hydroxydesisopropylprometon;µg/L;;SpurenstoffeOrganisch
Metabolite;Desmethylisoproturon;µg/L;34123-57-4;SpurenstoffeOrganisch
Metabolite;N4-Acetylsulfadiazin;µg/L;127-74-2;SpurenstoffeOrganisch
Metabolite;Ranitidin-S-oxid;µg/L;73851-70-4;SpurenstoffeOrganisch
Metabolite;Summe 2-Hydroxypropazin und 2-Hydroxyterbuthylazin;µg/L;KEINE NUMMER MOEGLICH;SpurenstoffeOrganisch
Summenparameter;Phosphor(gesamt);mg/L;7723-14-0;Hauptinhaltsstoffe
Arzneimittel;Crotetamid;µg/L;6168-76-9;SpurenstoffeOrganisch
Metalle;Aluminium(gesamt);µg/L;7429-90-5;SpurenstoffeAnorganisch
Metalle;Eisen(gesamt);µg/L;7439-89-6;SpurenstoffeAnorganisch
Einzelstoffe;Benzothiazol;µg/L;95-16-9;SpurenstoffeOrganisch
Einzelstoffe;Tonalid;µg/L;1506-02-1;SpurenstoffeOrganisch
Sensorik;Geruch_Warm(60°C);DESCR.;;PhysikalischChemischeBasisparameter
PAK;Benzo(a)anthracen;µg/L;56-55-3;SpurenstoffeOrganisch
PAK;Fluoranthen;µg/L;206-44-0;SpurenstoffeOrganisch
PAK;Pyren;µg/L;129-00-0;SpurenstoffeOrganisch
Einzelstoffe;2,4-Dimethylanilin;µg/L;95-68-1;SpurenstoffeOrganisch
Einzelstoffe;2,6-Dichloranilin;µg/L;608-31-1;SpurenstoffeOrganisch
Einzelstoffe;2,6-Dimethylanilin;µg/L;87-62-7;SpurenstoffeOrganisch
Einzelstoffe;2-Chlornitrobenzol;µg/L;88-73-3;SpurenstoffeOrganisch
Einzelstoffe;3,5-Dimethylanilin;µg/L;108-69-0;SpurenstoffeOrganisch
Einzelstoffe;3-Chloranilin;µg/L;108-42-9;SpurenstoffeOrganisch
Einzelstoffe;3-Chlortoluol;µg/L;108-41-8;SpurenstoffeOrganisch
Einzelstoffe;3-Nitrotoluol;µg/L;99-08-1;SpurenstoffeOrganisch
Einzelstoffe;4-Chloranilin;µg/L;106-47-8;SpurenstoffeOrganisch
Einzelstoffe;N,N-Diethylanilin;µg/L;91-66-7;SpurenstoffeOrganisch
PAK;Benzo(ghi)perylen;µg/L;191-24-2;SpurenstoffeOrganisch
PAK;Dibenz(a,h)anthracen;µg/L;53-70-3;SpurenstoffeOrganisch
PAK;Indeno(1,2,3-cd)pyren;µg/L;193-39-5;SpurenstoffeOrganisch
PCB;PCB-028;µg/L;7012-37-5;SpurenstoffeOrganisch
Organochlorverbindungen;1,2,4,5-Tetrachlorbenzol;µg/L;95-94-3;SpurenstoffeOrganisch
Einzelstoffe;2,3-Dichlornitrobenzol;µg/L;3209-22-1;SpurenstoffeOrganisch
Einzelstoffe;2-Nitrotoluol;µg/L;88-72-2;SpurenstoffeOrganisch
Einzelstoffe;4-Chlornitrobenzol;µg/L;100-00-5;SpurenstoffeOrganisch
Einzelstoffe;4-Chlor-2,6-dimethylanilin;µg/L;63133-82-4;SpurenstoffeOrganisch
Einzelstoffe;4-Nitrotoluol;µg/L;99-99-0;SpurenstoffeOrganisch
Pestizide;Fluometuron;µg/L;2164-17-2;SpurenstoffeOrganisch
Pestizide;Difenoxuron;µg/L;14214-32-5;SpurenstoffeOrganisch
LHKW;2-Chlorethylvinylether;µg/L;110-75-8;SpurenstoffeOrganisch
Organochlorverbindungen;HCH-Gesamt;µg/L;;SpurenstoffeOrganisch
Organochlorverbindungen;1,2,3,4-Tetrachlorbenzol;µg/L;634-66-2;SpurenstoffeOrganisch
Organochlorverbindungen;1,2,3,5-Tetrachlorbenzol;µg/L;634-90-2;SpurenstoffeOrganisch
Einzelstoffe;2,4-Dichloranilin;µg/L;554-00-7;SpurenstoffeOrganisch
Einzelstoffe;3-Chlornitrobenzol;µg/L;121-73-3;SpurenstoffeOrganisch
PAK;Anthracen;µg/L;120-12-7;SpurenstoffeOrganisch
PAK;Benzo(a)pyren;µg/L;50-32-8;SpurenstoffeOrganisch
PAK;Benzo(b)fluoranthen;µg/L;205-99-2;SpurenstoffeOrganisch
PAK;Phenanthren;µg/L;85-01-8;SpurenstoffeOrganisch
Einzelstoffe;1-Cl-2,4-Dinitrobenzol;µg/L;97-00-7;SpurenstoffeOrganisch
Einzelstoffe;2-Chloranilin;µg/L;95-51-2;SpurenstoffeOrganisch
Einzelstoffe;N,N-Dimethylanilin;µg/L;121-69-7;SpurenstoffeOrganisch
Pestizide;Dinoterb;µg/L;1420-07-1;SpurenstoffeOrganisch
Organochlorverbindungen;Pentachlorbenzol;µg/L;608-93-5;SpurenstoffeOrganisch
Einzelstoffe;2,5-Dimethylanilin;µg/L;95-78-3;SpurenstoffeOrganisch
Einzelstoffe;4-Chlor-2-Nitrotoluol;µg/L;89-59-8;SpurenstoffeOrganisch
PAK;Benzo(k)fluoranthen;µg/L;207-08-9;SpurenstoffeOrganisch
PAK;Fluoren;µg/L;86-73-7;SpurenstoffeOrganisch
Arzneimittel;1,3-Dimethylaprobarbital;µg/L;27509-65-5;SpurenstoffeOrganisch
Metalle;Molybdaen(gesamt);µg/L;7439-98-7;SpurenstoffeAnorganisch
Metalle;Zinn(gesamt);µg/L;7440-31-5;SpurenstoffeAnorganisch
Suessstoffe;Neotam;µg/L;165450-17-9;SpurenstoffeOrganisch
Arzneimittel;Aliskiren;µg/L;173334-57-1;SpurenstoffeOrganisch
Arzneimittel;Bisoprolol;µg/L;66722-44-9;SpurenstoffeOrganisch
Arzneimittel;Clindamycin;µg/L;18323-44-9;SpurenstoffeOrganisch
Arzneimittel;Dronedaron;µg/L;141626-36-0;SpurenstoffeOrganisch
Arzneimittel;Exemestan;µg/L;107868-30-4;SpurenstoffeOrganisch
Arzneimittel;Gabapentin;µg/L;60142-96-3;SpurenstoffeOrganisch
Arzneimittel;Methylprednisolon;µg/L;83-43-2;SpurenstoffeOrganisch
Arzneimittel;Mycophensäure;µg/L;24280-93-1;SpurenstoffeOrganisch
Arzneimittel;Naftifin;µg/L;65472-88-0;SpurenstoffeOrganisch
Arzneimittel;Oseltamivir;µg/L;196618-13-0;SpurenstoffeOrganisch
Arzneimittel;Ranitidin;µg/L;66357-35-5;SpurenstoffeOrganisch
Arzneimittel;Ritonavir;µg/L;155213-67-5;SpurenstoffeOrganisch
Arzneimittel;Sotalol;µg/L;3930-20-9;SpurenstoffeOrganisch
Arzneimittel;Sulfadimethoxin;µg/L;122-11-2;SpurenstoffeOrganisch
Arzneimittel;Sulfamethazin;µg/L;57-68-1;SpurenstoffeOrganisch
Arzneimittel;Sulfapyridin;µg/L;144-83-2;SpurenstoffeOrganisch
Einzelstoffe;2-Amino-5-nitrophenol;µg/L;121-88-0;SpurenstoffeOrganisch
Perfluorierte Tenside;Perfluoroctansulfonsäure(PFOS);µg/L;1763-23-1;SpurenstoffeOrganisch
Perfluorierte Tenside;Perfluorpentansäure(PFPEA);µg/L;2706-90-3;SpurenstoffeOrganisch
Pestizide;2-N-Octyl-4-isothiazolin-3-on;µg/L;26530-20-1;SpurenstoffeOrganisch
Pestizide;Carbendazim;µg/L;10605-21-7;SpurenstoffeOrganisch
Pestizide;Clothianidin;µg/L;210880-92-5;SpurenstoffeOrganisch
Pestizide;Diflufenican;µg/L;83164-33-4;SpurenstoffeOrganisch
Pestizide;Dimoxystrobin;µg/L;149961-52-4;SpurenstoffeOrganisch
Pestizide;Fludioxonil;µg/L;131341-86-1;SpurenstoffeOrganisch
Pestizide;Flusilazol;µg/L;85509-19-9;SpurenstoffeOrganisch
Pestizide;Metribuzin;µg/L;21087-64-9;SpurenstoffeOrganisch
Pestizide;Prochloraz;µg/L;67747-09-5;SpurenstoffeOrganisch
Pestizide;Propachlor;µg/L;1918-16-7;SpurenstoffeOrganisch
Pestizide;Quinoxyfen;µg/L;124495-18-7;SpurenstoffeOrganisch
Pestizide;Thiamethoxam;µg/L;153719-23-4;SpurenstoffeOrganisch
Metabolite;2-Hydroxyatrazin;µg/L;2163-68-0;SpurenstoffeOrganisch
Metabolite;4-Formylaminoantipyrin;µg/L;1672-58-8;SpurenstoffeOrganisch
Metabolite;Bifenoxsäure;µg/L;53774-07-5;SpurenstoffeOrganisch
Metabolite;Carbamazepin-10,11-dihydro-10,11-dihydroxy;µg/L;58955-93-4;SpurenstoffeOrganisch
Metabolite;Carbamazepin-10,11-epoxid;µg/L;36507-30-9;SpurenstoffeOrganisch
Metabolite;Chlorthalonil-4-hydroxycarbonsäureamid;µg/L;;SpurenstoffeOrganisch
Metabolite;Desaminometribuzin;µg/L;35045-02-4;SpurenstoffeOrganisch
Metabolite;Fenofibrinsäure;µg/L;42017-89-0;SpurenstoffeOrganisch
Metabolite;Galaxolidon;µg/L;256393-37-0;SpurenstoffeOrganisch
Metabolite;N,N-Dimethyl-N*(4-methylphenyl)-sulfamid;µg/L;66840-71-9;SpurenstoffeOrganisch
Metabolite;N-Desmethylvenlafaxin;µg/L;149289-30-5;SpurenstoffeOrganisch
Metabolite;N,N-Dimethyldicylamin-N-oxid;µg/L;2605-79-0;SpurenstoffeOrganisch
Metabolite;Ranitidin-N-oxid;µg/L;738557-20-2;SpurenstoffeOrganisch
Einzelstoffe;1-Methylbenzotriazol;µg/L;13351-73-0;SpurenstoffeOrganisch
Pestizide;Dichlobenil;µg/L;1194-65-6;SpurenstoffeOrganisch
LHKW;1,1,2,3-Tetrachlorbutadien;µg/L;921-09-5;SpurenstoffeOrganisch
LHKW;1,1,2,4,4-Pentachlorbutadien;µg/L;21400-41-9;SpurenstoffeOrganisch
LHKW;1,1,3,4-Tetrachlorbutadien (Summe);µg/L;KEINE NUMMER MOEGLICH;SpurenstoffeOrganisch
Einzelstoffe;Tetrabrombisphenol-A;µg/L;79-94-7;SpurenstoffeOrganisch
Pestizide;Fenoprop;µg/L;93-72-1;SpurenstoffeOrganisch
Metalle;Zinn(gelöst);µg/L;7440-31-5;SpurenstoffeAnorganisch
PAK;Chrysen;µg/L;218-01-9;SpurenstoffeOrganisch
PAK;Benzo(e)pyren;µg/L;192-97-2;SpurenstoffeOrganisch
Einzelstoffe;2,3,4,5-Tetrachlorphenol;µg/L;4901-51-3;SpurenstoffeOrganisch
Einzelstoffe;2,3,5,6-Tetrachlorphenol;µg/L;935-95-5;SpurenstoffeOrganisch
Einzelstoffe;2,3,5-Trichlorphenol;µg/L;933-78-8;SpurenstoffeOrganisch
Einzelstoffe;2,3,6-Trichlorphenol;µg/L;933-75-5;SpurenstoffeOrganisch
Einzelstoffe;2,4,5-Trichlorphenol;µg/L;95-95-4;SpurenstoffeOrganisch
Einzelstoffe;2,4,6-Trichlorphenol;µg/L;88-06-2;SpurenstoffeOrganisch
Einzelstoffe;2-Chlorphenol;µg/L;95-57-8;SpurenstoffeOrganisch
Einzelstoffe;3,4-Dichlorphenol;µg/L;95-77-2;SpurenstoffeOrganisch
Einzelstoffe;3-Chlorphenol;µg/L;108-43-0;SpurenstoffeOrganisch
Einzelstoffe;4-Chlorphenol;µg/L;106-48-9;SpurenstoffeOrganisch
Einzelstoffe;Pentachlorphenol;µg/L;87-86-5;SpurenstoffeOrganisch
Einzelstoffe;Summe 2,1-und-2,5-Dichlorphenol;µg/L;;SpurenstoffeOrganisch
Einzelstoffe;2,3,4,6-Tetrachlorphenol;µg/L;58-90-2;SpurenstoffeOrganisch
Einzelstoffe;Phenol;µg/L;108-95-2;SpurenstoffeOrganisch
Einzelstoffe;2,3-Dichlorphenol;µg/L;576-24-9;SpurenstoffeOrganisch
Einzelstoffe;2,6-Dichlorphenol;µg/L;87-65-0;SpurenstoffeOrganisch
PAK;Acenaphthen;µg/L;83-32-9;SpurenstoffeOrganisch
PAK;Acenaphthylen;µg/L;208-96-8;SpurenstoffeOrganisch
Einzelstoffe;4-Methylphenol;µg/L;106-44-5;SpurenstoffeOrganisch
Einzelstoffe;4-Nitrophenol;µg/L;100-02-7;SpurenstoffeOrganisch
Einzelstoffe;Anilin;µg/L;62-53-3;SpurenstoffeOrganisch
Einzelstoffe;2,3-Dinitrotoluol;µg/L;602-01-7;SpurenstoffeOrganisch
Einzelstoffe;2,4-Dichlorphenol;µg/L;120-83-2;SpurenstoffeOrganisch
Einzelstoffe;2,4-Dinitrotoluol;µg/L;121-14-2;SpurenstoffeOrganisch
Einzelstoffe;2-Methylphenol;µg/L;95-48-7;SpurenstoffeOrganisch
Anionen;Cyanid;mg/L;57-12-5;Hauptinhaltsstoffe
Metalle;Silber(gelöst);µg/L;7440-22-4;SpurenstoffeAnorganisch
Einzelstoffe;3,4-Dinitrotoluol;µg/L;610-39-9;SpurenstoffeOrganisch
Einzelstoffe;3-Methylphenol;µg/L;108-39-4;SpurenstoffeOrganisch
Einzelstoffe;Nitrobenzol;µg/L;98-95-3;SpurenstoffeOrganisch
Perfluorierte Tenside;Perfluorhexansulfonsäure(PFHS);µg/L;355-46-4;SpurenstoffeOrganisch
Screening;Anz. Befunde > 0.1 µg/L;Stk;;
Einzelstoffe;2,6-Dinitrotoluol;µg/L;606-20-2;SpurenstoffeOrganisch
Einzelstoffe;2,3-Dimethylanilin;µg/L;87-59-2;SpurenstoffeOrganisch
Einzelstoffe;2-Chlor-4-nitrotoluol;µg/L;121-86-8;SpurenstoffeOrganisch
Pestizide;Fenamidon;µg/L;161326-34-7;SpurenstoffeOrganisch
Pestizide;Tolylfluanid;µg/L;731-27-1;SpurenstoffeOrganisch
Pestizide;Chloroxuron;µg/L;1982-47-4;SpurenstoffeOrganisch
Pestizide;Fenuron;µg/L;101-42-8;SpurenstoffeOrganisch
LHKW;1,1,2,3,4-Pentachlorbutadien;µg/L;5659-44-9;SpurenstoffeOrganisch
Einzelstoffe;3,5-Dichlorphenol;µg/L;591-35-5;SpurenstoffeOrganisch
Metalle;Thallium(gesamt);µg/L;7440-28-0;SpurenstoffeAnorganisch
Arzneimittel;5-Fluorouracil;µg/L;51-21-8;SpurenstoffeOrganisch
Einzelstoffe;Benzidin;µg/L;92-87-5;SpurenstoffeOrganisch
Metabolite;Mesylanilid;µg/L;1197-22-4;SpurenstoffeOrganisch
LHKW;1,1,4,4-Tetrachlorbutadien;µg/L;36038-53-6;SpurenstoffeOrganisch
Phthalate;Bis(2-ethylhexyl)phthalat;µg/L;117-81-7;SpurenstoffeOrganisch
Metalle;Gadolinium(gesamt);µg/L;7440-54-2;SpurenstoffeAnorganisch
Pestizide;Triclosan;;3380-34-5;SpurenstoffeOrganisch
Summenparameter;Daphnientoxizität-G_Wert;-;;Hauptinhaltsstoffe
Anionen;Sulfid_visuell;mg/L;18496-25-8;Hauptinhaltsstoffe
Metalle;Zirconium(gelöst);µg/L;7440-67-7;SpurenstoffeAnorganisch
LHKW;1,1,2,4-Tetrachlorbutadien;µg/L;34867-83-9;SpurenstoffeOrganisch
LHKW;1,2,3,4-tetrachlorbutadien;µg/L;1637-31-6;SpurenstoffeOrganisch
Phthalate;Dibutylphthalat;µg/L;84-74-2;SpurenstoffeOrganisch
Metalle;Silber(gesamt);µg/L;7440-22-4;SpurenstoffeAnorganisch
Arzneimittel;Prednisolon;µg/L;50-24-8;SpurenstoffeOrganisch
Arzneimittel;Tacrolimus_FK-506;µg/L;104987-11-3;SpurenstoffeOrganisch
Pestizide;Aclonifen;µg/L;74070-46-5;SpurenstoffeOrganisch
Pestizide;Epoxyconazol;µg/L;133855-98-8;SpurenstoffeOrganisch
Pestizide;Iodocarb;µg/L;55406-53-6;SpurenstoffeOrganisch
Pestizide;Summe Prometon und Terbumeton;µg/L;KEINE NUMMER MOEGLICH;SpurenstoffeOrganisch
Metabolite;3,5,6-Trichlor-2-pyridinol;µg/L;6515-38-4;SpurenstoffeOrganisch
Metabolite;4-Trifluormethylphenol;µg/L;402-45-9;SpurenstoffeOrganisch
Metabolite;Flufenacet-OXA;µg/L;201668-31-7;SpurenstoffeOrganisch
Metabolite;Iminostilben;µg/L;256-96-2;SpurenstoffeOrganisch
Metabolite;N,N-Didesmethylvenlafaxin;µg/L;93413-77-5;SpurenstoffeOrganisch
Metalle;Gallium(gesamt);µg/L;7440-55-3;SpurenstoffeAnorganisch
Arzneimittel;Azithromycin;µg/L;83905-01-5;SpurenstoffeOrganisch
Arzneimittel;Cytarabin;µg/L;147-94-4;SpurenstoffeOrganisch
Arzneimittel;Dexamethason;µg/L;50-02-2;SpurenstoffeOrganisch
Arzneimittel;Duloxetin;µg/L;116539-59-4;SpurenstoffeOrganisch
Arzneimittel;Sulfathiazol;µg/L;72-14-0;SpurenstoffeOrganisch
Arzneimittel;Summe O-Desmethylvenlafaxin und Tramadol;µg/L;KEINE NUMMER MOEGLICH;SpurenstoffeOrganisch
Arzneimittel;Terbinafin;µg/L;91161-71-6;SpurenstoffeOrganisch
Arzneimittel;Tizanidin;µg/L;51322-75-9;SpurenstoffeOrganisch
Arzneimittel;Trimipramin;µg/L;739-71-9;SpurenstoffeOrganisch
Arzneimittel;Valsartan;µg/L;137862-53-4;SpurenstoffeOrganisch
Einzelstoffe;Tetraglyme;µg/L;143-24-8;SpurenstoffeOrganisch
Pestizide;Azoxystrobin;µg/L;131860-33-8;SpurenstoffeOrganisch
Pestizide;Dimethomorph;µg/L;110488-70-5;SpurenstoffeOrganisch
Pestizide;Propaquizafop;µg/L;111479-05-1;SpurenstoffeOrganisch
Pestizide;Thifensulfuron-methyl;µg/L;79277-27-3;SpurenstoffeOrganisch
Metabolite;Acetylsulfamethoxazol;µg/L;21312-10-7;SpurenstoffeOrganisch
Metabolite;Amdoph;µg/L;519-65-3;SpurenstoffeOrganisch
Metabolite;Flufenacet-ESA;µg/L;201668-32-8;SpurenstoffeOrganisch
Metabolite;N4-Acetylsulfathiazol;µg/L;127-76-4;SpurenstoffeOrganisch
Metabolite;N-Acetylsulfamethazin;µg/L;100-90-3;SpurenstoffeOrganisch
Einzelstoffe;2,4,6-Trimethylanilin;µg/L;88-05-1;SpurenstoffeOrganisch
Einzelstoffe;3,4-Dichloranilin;µg/L;95-76-1;SpurenstoffeOrganisch
Einzelstoffe;3,5-Dichloranilin;µg/L;626-43-7;SpurenstoffeOrganisch
Metalle;Barium(gesamt);µg/L;7440-39-3;SpurenstoffeAnorganisch
Metalle;Bismut(gesamt);µg/L;7440-69-9;SpurenstoffeAnorganisch
Arzneimittel;Bupropion;µg/L;34911-55-2;SpurenstoffeOrganisch
Arzneimittel;Cyclophosphamid;µg/L;50-18-0;SpurenstoffeOrganisch
Arzneimittel;Moclobemid;µg/L;71320-77-9;SpurenstoffeOrganisch
Einzelstoffe;2-Naphthalinsulfonsäure;µg/L;120-18-3;SpurenstoffeOrganisch
Einzelstoffe;4-Fluorphenoxyessigsäure;µg/L;405-79-8;SpurenstoffeOrganisch
Pestizide;Asulam;µg/L;3337-71-1;SpurenstoffeOrganisch
Pestizide;Pyraclostrobin;µg/L;175013-18-0;SpurenstoffeOrganisch
Pestizide;Pyrimethanil;µg/L;53112-28-0;SpurenstoffeOrganisch
Pestizide;Simeton;µg/L;673-04-1;SpurenstoffeOrganisch
Metabolite;2,4-Dimethylphenylformamid;µg/L;60397-77-5;SpurenstoffeOrganisch
Metabolite;2*,2*-Difluordeoxyuridin;µg/L;114248-23-6;SpurenstoffeOrganisch
Metabolite;Azoxystrobinsäure;µg/L;1185255-09-7;SpurenstoffeOrganisch
Metabolite;Desmethyldiuron;µg/L;3567-62-2;SpurenstoffeOrganisch
Metabolite;Fipronil-sulfid;µg/L;120067-83-6;SpurenstoffeOrganisch
Metabolite;Trinexapac-ethyl;µg/L;95266-40-3;SpurenstoffeOrganisch
Metabolite;2-Hydroxysimazin;µg/L;2599-11-3;SpurenstoffeOrganisch
Metabolite;Metolachlor-morpholinon;µg/L;120375-14-6;SpurenstoffeOrganisch
Metabolite;Oseltamivir-carboxylat;µg/L;187227-45-8;SpurenstoffeOrganisch
Arzneimittel;Atomoxetin;µg/L;83015-26-3;SpurenstoffeOrganisch
Arzneimittel;Cetirizin;µg/L;83881-52-1;SpurenstoffeOrganisch
Arzneimittel;Clozapin;µg/L;5786-21-0;SpurenstoffeOrganisch
Arzneimittel;Codein;µg/L;76-57-3;SpurenstoffeOrganisch
Arzneimittel;Levamisol;µg/L;14769-73-4;SpurenstoffeOrganisch
Arzneimittel;Levetiracetam;µg/L;102767-28-2;SpurenstoffeOrganisch
Arzneimittel;Sulfadiazin;µg/L;68-35-9;SpurenstoffeOrganisch
Arzneimittel;Trimethoprim;µg/L;738-70-5;SpurenstoffeOrganisch
Arzneimittel;Tylosin;µg/L;1401-69-0;SpurenstoffeOrganisch
Einzelstoffe;4-Dimethylaminopyridin;µg/L;1122-58-3;SpurenstoffeOrganisch
Einzelstoffe;Triglyme;µg/L;112-49-2;SpurenstoffeOrganisch
Pestizide;4,5-Dichlor-2-octyl-2H-isothiazol-3-on;µg/L;64359-81-5;SpurenstoffeOrganisch
Pestizide;Cyprodinil;µg/L;121552-61-2;SpurenstoffeOrganisch
Pestizide;Fluazifop;µg/L;69335-91-7;SpurenstoffeOrganisch
Pestizide;Methylmetsulfuron;µg/L;74223-64-6;SpurenstoffeOrganisch
Metabolite;Didesmethylisoproturon;µg/L;56046-17-4;SpurenstoffeOrganisch
Summenparameter;Oelschicht;cm;;Hauptinhaltsstoffe
Arzneimittel;Metoclopramid;µg/L;7232-21-5;SpurenstoffeOrganisch
Arzneimittel;Propranolol;µg/L;525-66-6;SpurenstoffeOrganisch
Arzneimittel;Rosuvastatin;µg/L;287714-41-4;SpurenstoffeOrganisch
Einzelstoffe;Benzamidin;µg/L;618-39-3;SpurenstoffeOrganisch
Pestizide;Cymoxanil;µg/L;57966-95-7;SpurenstoffeOrganisch
Metabolite;3-Phenoxybenzoesäure;µg/L;3739-38-6;SpurenstoffeOrganisch
Metabolite;N-Acetyl-4-aminoantipyrin;µg/L;83-15-8;SpurenstoffeOrganisch
Metabolite;Valsartansäure;µg/L;164265-78-5;SpurenstoffeOrganisch
Arzneimittel;Mefenaminsäure;µg/L;61-68-7;SpurenstoffeOrganisch
Einzelstoffe;7-Diethylamino-4-methylcoumarin;µg/L;91-44-1;SpurenstoffeOrganisch
Metabolite;N,O-Didesmethylvenlafaxin;µg/L;135308-74-6;SpurenstoffeOrganisch
Metalle;Tellur(gesamt);µg/L;13494-80-9;SpurenstoffeAnorganisch
Arzneimittel;4-Dimethylaminoantipyrin;µg/L;58-15-1;SpurenstoffeOrganisch
Pestizide;Omethoat;µg/L;1113-02-6;SpurenstoffeOrganisch
Screening;Anz. Befunde > 0.4 µg/L;Stk;;
Anionen;Sulfit;mg/L;14265-45-3;Hauptinhaltsstoffe
Summenparameter;Daphnientoxizität;%;;Hauptinhaltsstoffe
Metalle;Rubidium(gesamt);µg/L;7440-17-7;SpurenstoffeAnorganisch
Suessstoffe;Saccharin;µg/L;81-07-2;SpurenstoffeOrganisch
Arzneimittel;Primidon;µg/L;125-33-7;SpurenstoffeOrganisch
Pestizide;3,5-Dibrom-4-hydroxybenzoesäure;µg/L;3337-62-0;SpurenstoffeOrganisch
Metabolite;N4-Acetylsulfadimethoxin;µg/L;24341-30-8;SpurenstoffeOrganisch
Arzneimittel;Metronidazol;µg/L;443-48-1;SpurenstoffeOrganisch
Pestizide;Picolinafen;µg/L;137641-05-5;SpurenstoffeOrganisch
Metabolite;4-Isopropylanilin;µg/L;99-88-7;SpurenstoffeOrganisch
Arzneimittel;Albuterol;µg/L;18559-94-9;SpurenstoffeOrganisch
Einzelstoffe;N-Methyl-N-phenylacetamid;µg/L;579-10-2;SpurenstoffeOrganisch
Einzelstoffe;2,4-Dinitrophenol;µg/L;51-28-5;SpurenstoffeOrganisch
Screening;Anz. Befunde > 1 µg/L;Stk;;
Organochlorverbindungen;1,2,5-Trichlorbenzol;µg/L;;SpurenstoffeOrganisch
Einzelstoffe;Chlormethylphenylsulfon;µg/L;7205-98-3;SpurenstoffeOrganisch
LHKW;1,1-Dichlorethen;µg/kg_TS;75-35-4;SpurenstoffeOrganisch
LHKW;Bromoform;µg/kg_TS;75-25-2;SpurenstoffeOrganisch
LHKW;Chloroform;µg/kg_TS;67-66-3;SpurenstoffeOrganisch
LHKW;Dibromchlormethan;µg/kg_TS;124-48-1;SpurenstoffeOrganisch
BTEX;1,2,3-Trimethylbenzol;mg/kg_TS;526-73-8;SpurenstoffeOrganisch
Organochlorverbindungen;1,2-Dichlorbenzol;µg/kg_TS;95-50-1;SpurenstoffeOrganisch
Arzneimittel;Aprobarbital;µg/L;77-02-1;SpurenstoffeOrganisch
Einzelstoffe;Summe m-und-p-Kresol;µg/L;;SpurenstoffeOrganisch
Anionen;o-Phosphat(P)(DRP);mg/L;14265-44-2;Naehrstoffe
Einzelstoffe;Galaxolid;µg/L;1222-05-5;SpurenstoffeOrganisch
Summenparameter;KWS(C5-C10);mg/L;;Hauptinhaltsstoffe
Summenparameter;TOC;mg/L;KEINE NUMMER MOEGLICH;Hauptinhaltsstoffe
Pestizide;Boscalid;µg/L;188425-85-6;SpurenstoffeOrganisch
Pestizide;Imidacloprid;µg/L;105827-78-9;SpurenstoffeOrganisch
Metabolite;Mesotrion-MNBA;µg/L;110964-79-9;SpurenstoffeOrganisch
Perfluorierte Tenside;Perfluorhexansäure(PFHA);µg/L;307-24-4;SpurenstoffeOrganisch
Einzelstoffe;2,3-Dichloranilin;µg/L;608-27-5;SpurenstoffeOrganisch
LHKW;1,1-Dichlorethan;µg/kg_TS;75-34-3;SpurenstoffeOrganisch
LHKW;1,2-Dichlorethan;µg/kg_TS;107-06-2;SpurenstoffeOrganisch
LHKW;cis-1,3-Dichlorpropen;µg/kg_TS;10061-01-5;SpurenstoffeOrganisch
LHKW;Tetrachlorethen;µg/kg_TS;127-18-4;SpurenstoffeOrganisch
LHKW;Tetrachlormethan;µg/kg_TS;56-23-5;SpurenstoffeOrganisch
LHKW;Trichlorfluormethan;µg/kg_TS;75-69-4;SpurenstoffeOrganisch
LHKW;Summe_Halogenierte;µg/kg_TS;KEINE NUMMER MOEGLICH;SpurenstoffeOrganisch
Organochlorverbindungen;1,3-Dichlorbenzol;µg/kg_TS;541-73-1;SpurenstoffeOrganisch
Organochlorverbindungen;1,4-Dichlorbenzol;µg/kg_TS;106-46-7;SpurenstoffeOrganisch
Einzelstoffe;Biphenyl;µg/L;92-52-4;SpurenstoffeOrganisch
Screening;Anz. Befunde > 1000 µg/L;Stk;;
Screening;Anz. Befunde > 0.5 µg/L;Stk;;
Einzelstoffe;Summe 2,4-Dimethylanilin und 2,6-Dimethylanilin;µg/L;;SpurenstoffeOrganisch
Einzelstoffe;2,5-Dichloranilin;µg/L;95-82-9;SpurenstoffeOrganisch
Einzelstoffe;3-Methylanilin;µg/L;108-44-1;SpurenstoffeOrganisch
Einzelstoffe;Summe 2-Methylanilin und 4-Methylanilin;µg/L;;SpurenstoffeOrganisch
LHKW;1,1,1-Trichlorethan;µg/kg_TS;71-55-6;SpurenstoffeOrganisch
LHKW;1,1,2-Trichlorethan;µg/kg_TS;79-00-5;SpurenstoffeOrganisch
LHKW;1,2-Dichlorpropan;µg/kg_TS;78-87-5;SpurenstoffeOrganisch
LHKW;Bromdichlormethan;µg/kg_TS;75-27-4;SpurenstoffeOrganisch
LHKW;Dichlormethan;µg/kg_TS;75-09-2;SpurenstoffeOrganisch
LHKW;trans-1,3-Dichlorpropen;µg/kg_TS;10061-02-6;SpurenstoffeOrganisch
LHKW;Trichlorethen;µg/kg_TS;79-01-6;SpurenstoffeOrganisch
BTEX;Ethylbenzol;mg/kg_TS;100-41-4;SpurenstoffeOrganisch
BTEX;1,3,5-Trimethylbenzol;mg/kg_TS;108-67-8;SpurenstoffeOrganisch
BTEX;o-Xylol;mg/kg_TS;95-47-6;SpurenstoffeOrganisch
BTEX;1,2,4-Trimethylbenzol;mg/kg_TS;95-63-6;SpurenstoffeOrganisch
BTEX;Summe m-Xylol und p-Xylol;mg/kg_TS;KEINE NUMMER MOEGLICH;SpurenstoffeOrganisch
BTEX;Toluol;mg/kg_TS;108-88-3;SpurenstoffeOrganisch
BTEX;Summe_BTEX;mg/kg_TS;KEINE NUMMER MOEGLICH;SpurenstoffeOrganisch
